{
    "installed": {
        "client_id": "86238157032-7se3vuaefp43ndudt0hsn2gjp6gi5u3q.apps.googleusercontent.com",
        "project_id": "weighttable",
        "auth_uri": "https://accounts.google.com/o/oauth2/auth",
        "token_uri": "https://oauth2.googleapis.com/token",
        "auth_provider_x509_cert_url": "https://www.googleapis.com/oauth2/v1/certs",
        "client_secret": "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",
        "redirect_uris": [
            "urn:ietf:wg:oauth:2.0:oob",
            "http://localhost"
        ]
    }
}